Workbook

Sheet Clients
A1: Client Name | B1: Industry | C1: Ownership type | D1: Service Line
A2: Servion Global Solutions Inc | B2: ITES | C2: PE backed | D2: =_xlfn.XLOOKUP(A2,'[1]By Project'!$B:$B,'[1]By Project'!$C:$C,0) -> Legacy projects
A3: 1000372721 Ontario Inc. | B3: Others | C3: Others | D3: =_xlfn.XLOOKUP(A3,'[1]By Project'!$B:$B,'[1]By Project'!$C:$C,0) -> Legacy projects
A4: 3i Infotech Limited | B4: ITES | C4: Public | D4: =_xlfn.XLOOKUP(A4,'[1]By Project'!$B:$B,'[1]By Project'!$C:$C,0) -> Ignore for now
A5: 63ideas infolabs private limited | B5: B2B distribution | C5: Private limited | D5: =_xlfn.XLOOKUP(A5,'[1]By Project'!$B:$B,'[1]By Project'!$C:$C,0) -> Ignore for now
A6: 7sHR Consulting Private Limited | B6: Professional Services | C6: Private limited | D6: =_xlfn.XLOOKUP(A6,'[1]By Project'!$B:$B,'[1]By Project'!$C:$C,0) -> Ignore for now
A7: Aarialife Technologies Pvt Ltd | B7: ITES | C7: Private limited | D7: =_xlfn.XLOOKUP(A7,'[1]By Project'!$B:$B,'[1]By Project'!$C:$C,0) -> Legacy projects
A8: AB Mauri India Pvt Ltd | B8: FMCG | C8: Foreign MNC | D8: =_xlfn.XLOOKUP(A8,'[1]By Project'!$B:$B,'[1]By Project'!$C:$C,0) -> Legacy projects
A9: Accretive Cleantech Finance Private Limited | B9: BFSI | C9: Private limited | D9: =_xlfn.XLOOKUP(A9,'[1]By Project'!$B:$B,'[1]By Project'!$C:$C,0) -> Ignore for now
A10: Advaya Legal | B10: Professional Services | C10: Partnership | D10: =_xlfn.XLOOKUP(A10,'[1]By Project'!$B:$B,'[1]By Project'!$C:$C,0) -> Ignore for now
A11: Allcargo Logistics Limited | B11: Logistics | C11: Public | D11: =_xlfn.XLOOKUP(A11,'[1]By Project'!$B:$B,'[1]By Project'!$C:$C,0) -> Legacy projects
A12: Amagi Media Labs Private Limited | B12: Media & Entertainment | C12: PE backed | D12: =_xlfn.XLOOKUP(A12,'[1]By Project'!$B:$B,'[1]By Project'!$C:$C,0) -> Ignore for now
A13: Amarnath Partners | B13: Others | C13: Partnership | D13: =_xlfn.XLOOKUP(A13,'[1]By Project'!$B:$B,'[1]By Project'!$C:$C,0) -> Legacy projects
... A240: Waste Warriors Society | B240: Others | C240: Others | D240: =_xlfn.XLOOKUP(A240,'[1]By Project'!$B:$B,'[1]By Project'!$C:$C,0) -> Ignore for now
A241: Welspun Group | B241: Textile | C241: Family owned | D241: Legacy projects
A242: Whistledrive Private Limited | B242: Logistics | C242: Private limited | D242: =_xlfn.XLOOKUP(A242,'[1]By Project'!$B:$B,'[1]By Project'!$C:$C,0) -> Ignore for now
A243: WithumSmith+Brown, P.C. | B243: Professional Services | C243: Foreign MNC | D243: =_xlfn.XLOOKUP(A243,'[1]By Project'!$B:$B,'[1]By Project'!$C:$C,0) -> Legacy projects
A244: Woodward Pharma Services LLC_x000D_ | B244: Pharmaceuticals | C244: Foreign MNC | D244: =_xlfn.XLOOKUP(A244,'[1]By Project'!$B:$B,'[1]By Project'!$C:$C,0) -> Strategic Finance Transformation
A245: World of Stones Private Limited | B245: Trading & Distributors | C245: Private limited | D245: =_xlfn.XLOOKUP(A245,'[1]By Project'!$B:$B,'[1]By Project'!$C:$C,0) -> Strategy and Growth
A246: Worldwide Initiatives for Grantmaker Support | B246: Others | C246: Others | D246: =_xlfn.XLOOKUP(A246,'[1]By Project'!$B:$B,'[1]By Project'!$C:$C,0) -> Ignore for now
A247: Yantra Tech Innovation Lab Pvt Ltd | B247: Technology - SAAS | C247: Private limited | D247: =_xlfn.XLOOKUP(A247,'[1]By Project'!$B:$B,'[1]By Project'!$C:$C,0) -> Ignore for now
A248: ZADN & Associates | B248: Professional Services | C248: Partnership | D248: =_xlfn.XLOOKUP(A248,'[1]By Project'!$B:$B,'[1]By Project'!$C:$C,0) -> Ignore for now
A249: Zensoft Services Private Limited | B249: ITES | C249: Private limited | D249: =_xlfn.XLOOKUP(A249,'[1]By Project'!$B:$B,'[1]By Project'!$C:$C,0) -> Legacy projects
A250: Perplexity AI FP&A | B250: Technology - SAAS | C250: PE backed | D250: =_xlfn.XLOOKUP(A250,'[1]By Project'!$B:$B,'[1]By Project'!$C:$C,0) -> Strategic Finance Transformation
A251: IGI US FTO | B251: Others | C251: Others | D251: =_xlfn.XLOOKUP(A251,'[1]By Project'!$B:$B,'[1]By Project'!$C:$C,0) -> Strategic Finance Transformation
A252: FRR Immigration | B252: Professional Services | C252: Private limited | D252: =_xlfn.XLOOKUP(A252,'[1]By Project'!$B:$B,'[1]By Project'!$C:$C,0) -> Strategy and Growth
A253: KNAV Advisory Inc. | B253: Professional Services | C253: Private limited | D253: =_xlfn.XLOOKUP(A253,'[1]By Project'!$B:$B,'[1]By Project'!$C:$C,0) -> Strategic Finance Transformation
... A270: Infokort Emami | B270: Others | C270: Private limited | D270: =_xlfn.XLOOKUP(A270,'[1]By Project'!$B:$B,'[1]By Project'!$C:$C,0) -> Strategic Finance Transformation

Sheet Dashboard
A1: CLIENT DASHBOARD | I1: Total Clients | K1: Industries | M1: Ownership Types | O1: Top Industry | Q1: Top Ownership
A2: Summary by Industry & Ownership Type | I2: =COUNTA(Clients!A:A)-1 -> 269 | K2: {=SUMPRODUCT((B6:B38>0)*1)} -> 33 | M2: {=SUMPRODUCT((F6:F16>0)*1)} -> 11 | O2: =INDEX(A6:A38,MATCH(MAX(B6:B38),B6:B38,0)) -> Professional Services | Q2: =INDEX(E6:E16,MATCH(MAX(F6:F16),F6:F16,0)) -> Private limited
A4: INDUSTRY BREAKDOWN | E4: OWNERSHIP TYPE BREAKDOWN
A5: Industry | B5: Count | C5: Percentage | E5: Ownership Type | F5: Count | G5: Percentage
A6: Auto Component/ Ancilliary | B6: =COUNTIF(Clients!B:B,A6) -> 6 | C6: =IF(B6>0,B6/SUM($B$6:$B$38),0) -> 0.022304833 | E6: Private limited | F6: =COUNTIF(Clients!C:C,E6) -> 141 | G6: =IF(F6>0,F6/SUM($F$6:$F$16),0) -> 0.52416357
A7: Automobiles | B7: =COUNTIF(Clients!B:B,A7) -> 1 | C7: =IF(B7>0,B7/SUM($B$6:$B$38),0) -> 0.0037174721 | E7: Public | F7: =COUNTIF(Clients!C:C,E7) -> 30 | G7: =IF(F7>0,F7/SUM($F$6:$F$16),0) -> 0.11152416
A8: B2B distribution | B8: =COUNTIF(Clients!B:B,A8) -> 2 | C8: =IF(B8>0,B8/SUM($B$6:$B$38),0) -> 0.0074349442 | E8: PE backed | F8: =COUNTIF(Clients!C:C,E8) -> 18 | G8: =IF(F8>0,F8/SUM($F$6:$F$16),0) -> 0.066914498
A9: BFSI | B9: =COUNTIF(Clients!B:B,A9) -> 17 | C9: =IF(B9>0,B9/SUM($B$6:$B$38),0) -> 0.063197026 | E9: Foreign MNC | F9: =COUNTIF(Clients!C:C,E9) -> 40 | G9: =IF(F9>0,F9/SUM($F$6:$F$16),0) -> 0.14869888
A10: Chemicals | B10: =COUNTIF(Clients!B:B,A10) -> 8 | C10: =IF(B10>0,B10/SUM($B$6:$B$38),0) -> 0.029739777 | E10: Partnership | F10: =COUNTIF(Clients!C:C,E10) -> 12 | G10: =IF(F10>0,F10/SUM($F$6:$F$16),0) -> 0.044609665
A11: Consumer goods industry | B11: =COUNTIF(Clients!B:B,A11) -> 2 | C11: =IF(B11>0,B11/SUM($B$6:$B$38),0) -> 0.0074349442 | E11: Family owned | F11: =COUNTIF(Clients!C:C,E11) -> 4 | G11: =IF(F11>0,F11/SUM($F$6:$F$16),0) -> 0.014869888
A12: Education | B12: =COUNTIF(Clients!B:B,A12) -> 4 | C12: =IF(B12>0,B12/SUM($B$6:$B$38),0) -> 0.014869888 | E12: Conglomerate | F12: =COUNTIF(Clients!C:C,E12) -> 1 | G12: =IF(F12>0,F12/SUM($F$6:$F$16),0) -> 0.0037174721
A13: Education & Edutec | B13: =COUNTIF(Clients!B:B,A13) -> 9 | C13: =IF(B13>0,B13/SUM($B$6:$B$38),0) -> 0.033457249 | E13: Indian MNC | F13: =COUNTIF(Clients!C:C,E13) -> 1 | G13: =IF(F13>0,F13/SUM($F$6:$F$16),0) -> 0.0037174721
A14: EPC Industry | B14: =COUNTIF(Clients!B:B,A14) -> 1 | C14: =IF(B14>0,B14/SUM($B$6:$B$38),0) -> 0.0037174721 | E14: Joint venture | F14: =COUNTIF(Clients!C:C,E14) -> 1 | G14: =IF(F14>0,F14/SUM($F$6:$F$16),0) -> 0.0037174721
A15: FMCG | B15: =COUNTIF(Clients!B:B,A15) -> 12 | C15: =IF(B15>0,B15/SUM($B$6:$B$38),0) -> 0.044609665 | E15: Sole proprietorship | F15: =COUNTIF(Clients!C:C,E15) -> 2 | G15: =IF(F15>0,F15/SUM($F$6:$F$16),0) -> 0.0074349442
A16: Health care - Equipment | B16: =COUNTIF(Clients!B:B,A16) -> 3 | C16: =IF(B16>0,B16/SUM($B$6:$B$38),0) -> 0.011152416 | E16: Others | F16: =COUNTIF(Clients!C:C,E16) -> 19 | G16: =IF(F16>0,F16/SUM($F$6:$F$16),0) -> 0.07063197
A17: Health care services | B17: =COUNTIF(Clients!B:B,A17) -> 11 | C17: =IF(B17>0,B17/SUM($B$6:$B$38),0) -> 0.040892193 | E17: TOTAL | F17: =SUM(F6:F16) -> 269 | G17: =SUM(G6:G16) -> 1
A18: Hotels, Restaurants & Leisure | B18: =COUNTIF(Clients!B:B,A18) -> 3 | C18: =IF(B18>0,B18/SUM($B$6:$B$38),0) -> 0.011152416
A19: Industrial Products | B19: =COUNTIF(Clients!B:B,A19) -> 9 | C19: =IF(B19>0,B19/SUM($B$6:$B$38),0) -> 0.033457249
A20: Infrastructure | B20: =COUNTIF(Clients!B:B,A20) -> 5 | C20: =IF(B20>0,B20/SUM($B$6:$B$38),0) -> 0.018587361
A21: Internet & Direct Marketing Retail | B21: =COUNTIF(Clients!B:B,A21) -> 1 | C21: =IF(B21>0,B21/SUM($B$6:$B$38),0) -> 0.0037174721
A22: IT Hardware | B22: =COUNTIF(Clients!B:B,A22) -> 2 | C22: =IF(B22>0,B22/SUM($B$6:$B$38),0) -> 0.0074349442
A23: ITES | B23: =COUNTIF(Clients!B:B,A23) -> 23 | C23: =IF(B23>0,B23/SUM($B$6:$B$38),0) -> 0.085501859
A24: Logistics | B24: =COUNTIF(Clients!B:B,A24) -> 6 | C24: =IF(B24>0,B24/SUM($B$6:$B$38),0) -> 0.022304833
A25: Manufacturing | B25: =COUNTIF(Clients!B:B,A25) -> 15 | C25: =IF(B25>0,B25/SUM($B$6:$B$38),0) -> 0.055762082
A26: Media & Entertainment | B26: =COUNTIF(Clients!B:B,A26) -> 5 | C26: =IF(B26>0,B26/SUM($B$6:$B$38),0) -> 0.018587361
A27: Metals | B27: =COUNTIF(Clients!B:B,A27) -> 2 | C27: =IF(B27>0,B27/SUM($B$6:$B$38),0) -> 0.0074349442
A28: Oils, Gas & Consumable Fuels | B28: =COUNTIF(Clients!B:B,A28) -> 6 | C28: =IF(B28>0,B28/SUM($B$6:$B$38),0) -> 0.022304833
A29: Others | B29: =COUNTIF(Clients!B:B,A29) -> 27 | C29: =IF(B29>0,B29/SUM($B$6:$B$38),0) -> 0.10037175
... A38: Trading & Distributors | B38: =COUNTIF(Clients!B:B,A38) -> 5 | C38: =IF(B38>0,B38/SUM($B$6:$B$38),0) -> 0.018587361
A39: TOTAL | B39: =SUM(B6:B38) -> 269 | C39: =SUM(C6:C38) -> 1
A41: Data Source: Clients sheet | Dashboard auto-updates when source data changes
